,prompt,input_tokens
0,Who was the president in 2003?,12
1,"Analyze the following writing: In the year 2250, Earth is vastly different from what we know today. A technological revolution has led to the rise of mega-cities, where skyscrapers touch the clouds and neon lights illuminate the night. The world is governed by a coalition of corporate entities, each controlling different aspects of life - from food production to virtual reality entertainment. In this world, you are a skilled hacker, part of a covert group that seeks to uncover and expose the hidden truths behind the corporate veil.

Your story begins in the bustling city of Neo-Tokyo, a place where tradition clashes with futuristic innovation. The streets are a maze of vendors selling street food infused with synthetic flavors, holographic advertisements floating in the air, and people from all walks of life, some with cybernetic enhancements. You navigate this world with ease, your skills with technology unparalleled.

The narrative should delve into the intricacies of this futuristic society, exploring both the awe-inspiring advancements and the deep-seated issues beneath. Describe the towering architecture, the bustling underground markets, the luxurious upper echelons of society, and the grimy, forgotten underbelly of the city.

Your latest mission is to infiltrate the database of VirtuLife, the largest virtual reality entertainment provider. Rumors suggest they are collecting user data for nefarious purposes. The mission will take you through a series of challenging obstacles, requiring you to outsmart advanced security systems and rival hackers. Along the way, you encounter a diverse cast of characters - allies with their own motivations, corporate executives with power and secrets, and other hackers who share your goals but not your methods.

As you delve deeper into the mission, you uncover a web of lies and deceit that challenges your perception of right and wrong. This revelation sets you on a path that questions the very essence of your struggle. Are you truly on the side of righteousness, or are you being manipulated by forces greater than yourself?

The narrative should be rich in detail, describing the advanced technology of this era, the virtual landscapes you traverse, and the intense cyber battles you engage in. Focus on the emotional and psychological journey of your character as they navigate a world where reality and virtuality blur, and the line between friend and foe is never clear.

As the story progresses, build up to a climax that intertwines your personal journey with the fate of the world. The conclusion should be thought-provoking, leaving the reader questioning the nature of power, freedom, and the human spirit in a world dominated by technology.

",589
2,"Analyze the following marketing pitch: ""Title:  Revolutionize Your Digital Education Business with CourseGeniusAI - The Ultimate AI-Powered Website Creation SaaS for Online Courses

Introduction:

Welcome to CourseGeniusAI, the future of online education and website creation! In the fast-paced digital world, standing out with a unique and compelling online course has never been more crucial. CourseGeniusAI is a state-of-the-art Software as a Service (SaaS) platform that empowers educators, entrepreneurs, and businesses to create comprehensive, AI-generated online courses hosted on fully automated, personalized websites. Our service is designed to revolutionize the way you create, market, and deliver online education.

The Challenge:

In the current digital landscape, creating an engaging online course is only half the battle. The real challenge lies in effectively marketing your course, attracting the right audience, and providing an exceptional learning experience. Traditional methods of course creation and website design are time-consuming, require specialized skills, and often result in generic, uninspiring content.

Our Solution: CourseGeniusAI – Unleash the Power of AI in Education:

CourseGeniusAI is here to transform your approach to online education. Our platform uses advanced AI algorithms to generate unique, tailored course content and builds a dynamic website specifically designed to market and sell your course. Here’s how we make the magic happen:

AI-Driven Course Content Creation:

Our AI analyzes current market trends, subject matter relevance, and user engagement metrics to produce compelling course material.
From detailed course outlines to interactive lessons, our AI crafts content that resonates with your target audience.
Automated Website Development:

CourseGeniusAI doesn’t just create course content; it builds the entire ecosystem for your course. Our AI designs a fully functional, aesthetically pleasing website tailored to your course theme and audience.
Enjoy features like intuitive navigation, mobile responsiveness, and fast load times, all optimized for user experience.
Personalized Branding and Design:

Your course website will stand out with unique branding, customized themes, and professional layouts, all aligned with your brand identity.
Our AI suggests design elements based on your preferences and the latest web design trends.
Integrated Marketing Tools:

Leverage built-in SEO optimization, social media integration, and email marketing campaigns, all driven by AI to ensure maximum reach and conversion.
Use our analytics dashboard to track visitor behavior, course sign-ups, and engagement metrics.
E-commerce and Payment Integration:

Our platform includes secure e-commerce functionality, allowing for seamless course transactions.
Support for multiple payment gateways and currencies makes it easy for your students to enroll from anywhere in the world.
Continuous Learning and Adaptation:

CourseGeniusAI is always learning. It adapts to feedback, user interactions, and market trends to continuously improve your course and website.
Why Choose CourseGeniusAI?

Efficiency and Speed: Cut down the time it takes to go from concept to launch. Our AI accelerates the process, allowing you to focus on your expertise while we handle the technicalities.
Quality and Uniqueness: Benefit from high-quality, unique course content and web design that reflects your vision and expertise.
Scalability: Whether you’re a solo educator or a large enterprise, CourseGeniusAI scales to meet your needs, supporting multiple courses and complex structures.
Cost-Effective: Reduce the costs associated with course development, website design, and marketing. Our all-in-one solution is priced competitively, offering excellent value for money.
User-Centric Design: We prioritize the learner’s experience, ensuring that the courses and website are engaging, interactive, and accessible.
Expert Support: Our team of experts is always on hand to provide support, advice, and customization options to meet your specific requirements.
Join the Education Revolution with CourseGeniusAI

Transform your online education business with CourseGeniusAI. Embrace the power of AI to create stunning, effective online courses and websites that captivate and educate. With CourseGeniusAI, you’re not just building a course; you’re shaping the future of digital education.

Sign up today and be a part of the AI-driven educational transformation!

Conclusion:

In summary, CourseGeniusAI is more than just a software; it's a revolutionary tool that empowers you to create, market, and deliver online courses like never before. Break free from the constraints of traditional course creation and join the ranks of educators who are paving the way for a smarter, more connected, and educated world.""",1037
3,Write an extremely long marketing pitch for a SaaS company that sells a product that creates a whole website selling a course that is completely generated using an AI.,34
4,How much wood could a wood chuck chuck if a wood chuck could chuck wood,16
5,"Explain the causes and consequences of the French Revolution, highlighting the socio-political changes it brought to Europe. Compare these changes to another major revolution in history.",37
6,"Write a short story set in a dystopian future where artificial intelligence governs humanity. The protagonist, a human, discovers a hidden truth about the AI's origin.",39
7,"A company is facing a decline in sales due to negative customer reviews online. As a marketing expert, propose a detailed strategy to improve their reputation and increase sales.",33
8,Describe the process of photosynthesis in plants. Explain how this process is crucial for life on Earth and discuss the impact of declining plant life on global ecosystems.,37
9,Present a logical argument for or against the statement: 'Technological advancement is always beneficial to society.' Use historical and contemporary examples to support your position.,33
10,Explain how calculus can be used to determine the optimal dimensions for a cylindrical can that minimizes material use while maximizing volume. Provide the formula and calculation steps.,38
11,Discuss the cultural significance of traditional Japanese tea ceremonies. How do these ceremonies reflect the broader aspects of Japanese philosophy and aesthetics?,30
12,Translate the following Spanish proverb into English and explain its meaning and cultural context: 'No hay mal que por bien no venga.',30
13,"Discuss the ethical implications of artificial intelligence in decision-making processes. Consider perspectives from utilitarianism, deontology, and virtue ethics.",32
14,Describe how blockchain technology works and its applications beyond cryptocurrencies. Discuss its potential impact on data security and digital transactions.,28
15,"Develop a comprehensive digital marketing strategy for a new health and wellness app targeting young professionals. Include details on market analysis, customer segmentation, positioning, proposed marketing channels, content strategy, KPIs for measuring success, and a plan for adapting the strategy based on analytics data.",62
16,"Imagine you are a consultant for a struggling retail clothing brand. Analyze their current business model and market position. Propose a detailed plan to revitalize the brand, focusing on e-commerce expansion, customer engagement, rebranding strategies, and supply chain optimization.",56
17,"Create a business plan for a startup that provides eco-friendly packaging solutions to food and beverage companies. The plan should cover market research, product design, pricing strategy, sustainability practices, funding requirements, potential partnerships, and a five-year growth projection.",55
18,"Write a detailed report on the use of artificial intelligence in customer relationship management (CRM). Discuss how AI can transform customer data analysis, personalized marketing, customer service, and sales processes. Include case studies of successful implementations.",49
19,"You are tasked with launching a global marketing campaign for a luxury watch brand. Develop a plan that addresses market segmentation, positioning in different regions, cultural considerations, marketing channels (both digital and traditional), celebrity endorsements, and a strategy for measuring the campaign's effectiveness.",61
20,"Design a social media marketing strategy for a B2B SaaS company specializing in project management tools. The strategy should include platform selection, content planning, engagement tactics, lead generation methods, and metrics to assess the performance of the social media efforts.",52
21,"Assess the impact of recent global economic changes on the automobile industry. Propose a marketing strategy for an automobile company to navigate these challenges, focusing on product diversification, pricing strategies, digital transformation, and new customer acquisition channels.",49
22,"Create an in-depth analysis of competitor strategies in the fast-food industry. Based on this analysis, recommend innovative marketing tactics for a fast-food chain to differentiate itself in a saturated market, including menu innovation, customer experience enhancement, digital presence, and community engagement.",59
23,"Draft a crisis communication plan for a high-profile company facing a major public relations issue. The plan should detail initial response steps, media handling, stakeholder communication strategies, social media management, and long-term brand recovery actions.",48
24,"Elaborate on the role of data analytics in shaping modern marketing strategies. Illustrate how a company can leverage big data to make informed marketing decisions, tailor customer experiences, predict market trends, optimize pricing, and improve advertising ROI.",52
25,"You are a product manager for a new line of smart home devices. Conduct an in-depth analysis of potential customer segments for these products. Discuss their lifestyle, technological proficiency, home automation needs, and how they might use and benefit from smart home devices. Develop a strategy for gathering customer feedback and incorporating it into product development, including methods for ongoing engagement and assessment of customer satisfaction.",82
26,"Imagine you are designing a user experience (UX) survey for a mobile banking app. The goal is to understand the users' banking habits, their comfort with technology, specific features they desire, and pain points in current banking processes. Craft a series of survey questions that would yield actionable insights, and propose a plan to implement changes based on the survey results. Include a strategy for segmenting the responses to gain a deeper understanding of different user groups.",92
27,"Create a detailed marketing campaign for a new fitness app tailored for middle-aged adults. Begin by outlining the health and wellness goals of this demographic, their digital usage patterns, and their motivations for using fitness apps. The campaign should include targeted messaging, choice of marketing channels (including digital and traditional media), partnerships for cross-promotion, and a plan for tracking and responding to customer feedback.",87
28,"Develop a customer journey map for a luxury car buyer. The map should encompass all stages of the customer journey, from initial awareness and interest to post-purchase support. Highlight the key touchpoints where the customer interacts with the brand, their emotional state at each stage, their information needs, and opportunities for the brand to exceed expectations. Discuss how this journey map can inform marketing strategies, sales processes, and customer service improvements.",90
29,"You are tasked with increasing user retention for an online learning platform. Analyze the different user personas who utilize the platform, including their learning goals, course preferences, challenges with online learning, and factors contributing to user drop-off. Based on this analysis, propose a series of initiatives to enhance user engagement, personalization of learning experiences, and strategies to motivate and retain learners.",81
30,"Conduct a feasibility study for launching a new organic food subscription service. The study should include an analysis of the target customer profile, including their shopping habits, dietary preferences, attitudes towards organic products, and price sensitivity. Evaluate the competitive landscape, potential supply chain challenges, and marketing strategies to attract and retain customers. Additionally, propose metrics to measure customer satisfaction and service quality.",79
31,"Design a customer feedback mechanism for a boutique hotel chain. The goal is to understand the guests' overall experience, their specific needs and expectations when staying at a boutique hotel, and areas for improvement. Develop a multi-channel feedback system, including in-person, digital, and post-stay feedback collection methods. Outline how this feedback will be analyzed and used to drive operational changes, staff training, and personalized guest experiences.",90
32,"Create a strategy for a fashion retailer to adapt to the changing needs and wants of environmentally conscious consumers. This strategy should address product sourcing, sustainable practices, eco-friendly materials, and ethical labor practices. Discuss how to effectively communicate these efforts to the target market, the role of transparency and authenticity in marketing, and how to engage customers in a dialogue about sustainability.",81
33,"Propose a customer loyalty program for an e-commerce platform specializing in electronics. The program should consider the purchasing behavior of tech-savvy consumers, their desire for the latest gadgets, and their response to loyalty incentives. Include a tiered reward system, personalized recommendations, exclusive early access to new products, and customer engagement through tech workshops or webinars.",81
34,"You are overseeing the market expansion of a ride-sharing service into a new city. Begin by researching the transportation needs, preferences, and challenges faced by residents of the city. Develop a launch plan that includes localized marketing efforts, community partnerships, pricing strategies, and measures to ensure rider and driver safety. Discuss how to gather and use customer feedback for continuous improvement of the service in the new market.",88
35,"Analyze the following article on marketing material: ""16 Marketing Material Examples (With Tips)
Updated June 24, 2022

Diversifying the marketing materials you use when advertising your company can help you increase your appeal to potential customers. Marketing materials come in a variety of forms, with each having its own benefits and situations where it's better suited as a method. Gaining familiarity with a broad range of marketing materials allows you to respond to opportunities quickly and effectively. In this article, we discuss what marketing materials are, share some common marketing material examples and provide tips for using your marketing materials.

Related jobs on Indeed
Part-time jobs
Full-time jobs
Remote jobs
Urgently hiring jobs
View more jobs on Indeed
What are marketing materials?
Marketing materials are any products or content designed to market your company or its products and services to potential customers. Marketing materials can range from samples you give to potential customers to keep, permanent installations in high-visibility areas or digital files that customers can access. Modern marketing often benefits from the diversification of marketing materials to meet the diverse needs of a potential customer base.

Related: 12 Marketing Tips for Your Marketing Campaign

Marketing material examples
When working in a marketing position, using an array of marketing materials can help you achieve maximum results with your campaigns. Marketing material types to consider for your next campaign include:

Advertising cards
Advertising cards are postcard-sized flyers commonly printed on cardstock. You may use advertising cards as part of a mailing campaign, to hand out while at events or when customers visit your business. Advertisement cards allow you to feature key benefits of your product or service or to advertise special promotions.

Billboards
Billboard marketing is a traditional form of advertising that can still be highly effective in the right situations. You can increase the benefit of your billboard campaign by placing your ad in a high-traffic area where customers in your demographic might see its creative design. Using a series of billboards noting the distance to your location as drivers approach it can build anticipation, which may make them more likely to visit your business .

Related: 8 Types of Traditional Marketing Methods To Implement

Brochures
Brochures comprise a single sheet of paper, often folded into three sections. By printing on both sides of the brochure, you create up to six areas to fill with information about your product or services. Brochures can be useful event handouts and information packets for visitors. For example, a zoo may use a brochure that includes a map on one side and advertises some of the premium features available to guests on the other.

Business cards
Printing business cards is an excellent way to provide professional contacts with a physical reminder of your business. Although a business card may also carry an advertisement for a special or a service that you offer, business cards typically contain basic contact information to create a clean and professional look. By keeping business cards with you at all times, you can hand convenient marketing material to potential clients or contacts you encounter, even outside of your usual work environment.

Emails
Sending emails is an excellent way to make professional contacts and market your company. Many online marketing campaigns seek to gather email addresses as opposed to make sales to customers directly. This allows your company to populate a mailing list of potential customers to send email campaigns to large numbers of prospective clients quickly. Many email management systems include the ability to tag new names in your database with different keywords to target the emails to each prospective customer.

Related: E-marketing vs. Digital Marketing: What's the Difference?

Fliers
Creating fliers to hang in areas with frequent pedestrians can be an inexpensive way to market an event or service. Effective fliers often have appealing graphics to encourage passers-by to stop and read and then a quick, easy-to-understand pitch for the product or service you are advertising. Some flyer designs include tab sections at the bottom with contact information so that interested customers can take one and have a physical reminder of your contact information.

Funnel pages
Funnel pages are a form of online marketing management that companies often use with other advertising campaigns, such as social media or search engine advertisements. Funnel pages move users through a series of steps to make a sale or gather their contact information. A funnel also provides a company with customer tracking data, such as how many respondents make it through each step, and potentially increase information through linking from social media. This helps make it a highly effective way of populating a prospective customer list.

Giveaway boxes
Offering people the chance to win something for free can be an effective way to earn their business. Giveaway boxes may advertise a prize drawing or offer a special discount to anyone who fills out a slip . By writing their name and contact information on a paper and slipping it into the box, a customer enters themselves for the prize or special offer. This allows you to build a contact list of potential customers from those who provide their contact information.

Mailing campaigns
Direct mailing campaigns can be a cost-effective way to present your marketing materials to a broad audience. Often companies take advantage of mailing lists to target specific regions with their campaigns. Your mail or marketing materials can take on a variety of forms, including advertisement cards, brochures or samples of your products.

Newspaper advertisement
The decreasing market share of newspapers can be a benefit for your marketing department, since it may lead to lower prices to place an advertisement. By assessing the readership information of the newspaper, you can determine if it presents an attractive demographic for your advertised product or service. If your sales targets align with the readership of a newspaper, it can provide a higher return on investment.

Promotional items
Purchasing large quantities of inexpensive but useful items with your company's name and logo on them, such as pens, notepads and stress balls, can be an excellent way to keep your company in the mind of prospective clients. A company may use promotional items when attending trade events or making direct sales visits to potential customers. By leaving a physical item with the potential customer, you provide them with a reminder of your company the next time they need your product or service. If they enjoy using it, this may also generate goodwill for your company.

Social media channels
Social media marketing is organic marketing you conduct by posting to your organization's social media. You can also market with paid placements where you pay the platform to provide consumers with your company's content. Social media marketing also benefits from the high levels of detail available from online users, as it can provide you with valuable customer data like demographic info and their consumer preferences.

Related: What Is Social Media Marketing?

Video productions
Video production is an important form of marketing material, though the delivery methods have changed in recent years. While television advertising remains an effective option, your video materials may also serve as social media content or as the basis for the company's video advertising format. Creating hubs for your video content allows you to build dedicated viewers and increase the number of views that each video you post receives.

Websites
A company website provides you with the opportunity to establish your brand and advertise the products or services that you provide. It's also a convenient way to provide contact information for potential customers.

Besides creating a site for your company, you may build individual sites for specific products or services you offer. This can allow you to provide them with a unique focus or even their own branding and identity separate from other elements of your company. In all cases, working to improve your search engine optimization and the usability of your pages can increase the performance of your website as marketing material.

Window displays
If your professional location includes public-facing windows, you may choose to place advertisements or other marketing materials in them. Marketing displays may take on a variety of forms, from direct applications to window glass or physical displays behind the windowpane. A well-composed window display can catch the attention of passers-by and prompt them to come inside to learn more about your company's products and services.

Yard signs
While some government officials use yard signs for political campaigns, businesses can also take advantage of them as marketing material. It's important to keep the information on the sign simple and clear so people driving by receive the intended message. Commonly, yard signs feature a single statement or offer. Some signs may also include a method for viewers to contact you, such as a website or phone number. To increase the time that viewers are likely to see the signs, consider placing them at an intersection with a stop sign or stoplight.

See your instant resume report on Indeed
Get recommendations for your resume in minutes
Tips for making marketing materials
These tips can help you use your marketing materials wisely:

Know your market: Market research allows you to better understand your potential customers and what they are interested in so your marketing materials meet their needs and preferences.
Track your results: Adaptation is an important component of effective marketing management. Monitoring performance data for your different marketing materials can help you identify what works well and where you can make improvements.
Create reasons to care: A primary goal for marketing materials is to create a lasting impression. Offering a deal or advertising exceptional service quality gives the consumer a reason to remember your company as exceptional.
Establish a brand: Maintaining a strong, consistent brand identity for your marketing makes it easier for consumers to know what to expect from your company. This can increase your appeal, as it makes you more reliable.""",2071
36,"Analyze the following article on marketing material: ""16 Marketing Material Examples (With Tips)
Updated June 24, 2022

Diversifying the marketing materials you use when advertising your company can help you increase your appeal to potential customers. Marketing materials come in a variety of forms, with each having its own benefits and situations where it's better suited as a method. Gaining familiarity with a broad range of marketing materials allows you to respond to opportunities quickly and effectively. In this article, we discuss what marketing materials are, share some common marketing material examples and provide tips for using your marketing materials.

Related jobs on Indeed
Part-time jobs
Full-time jobs
Remote jobs
Urgently hiring jobs
View more jobs on Indeed
What are marketing materials?
Marketing materials are any products or content designed to market your company or its products and services to potential customers. Marketing materials can range from samples you give to potential customers to keep, permanent installations in high-visibility areas or digital files that customers can access. Modern marketing often benefits from the diversification of marketing materials to meet the diverse needs of a potential customer base.

Related: 12 Marketing Tips for Your Marketing Campaign

Marketing material examples
When working in a marketing position, using an array of marketing materials can help you achieve maximum results with your campaigns. Marketing material types to consider for your next campaign include:

Advertising cards
Advertising cards are postcard-sized flyers commonly printed on cardstock. You may use advertising cards as part of a mailing campaign, to hand out while at events or when customers visit your business. Advertisement cards allow you to feature key benefits of your product or service or to advertise special promotions.

Billboards
Billboard marketing is a traditional form of advertising that can still be highly effective in the right situations. You can increase the benefit of your billboard campaign by placing your ad in a high-traffic area where customers in your demographic might see its creative design. Using a series of billboards noting the distance to your location as drivers approach it can build anticipation, which may make them more likely to visit your business .

Related: 8 Types of Traditional Marketing Methods To Implement

Brochures
Brochures comprise a single sheet of paper, often folded into three sections. By printing on both sides of the brochure, you create up to six areas to fill with information about your product or services. Brochures can be useful event handouts and information packets for visitors. For example, a zoo may use a brochure that includes a map on one side and advertises some of the premium features available to guests on the other.

Business cards
Printing business cards is an excellent way to provide professional contacts with a physical reminder of your business. Although a business card may also carry an advertisement for a special or a service that you offer, business cards typically contain basic contact information to create a clean and professional look. By keeping business cards with you at all times, you can hand convenient marketing material to potential clients or contacts you encounter, even outside of your usual work environment.

Emails
Sending emails is an excellent way to make professional contacts and market your company. Many online marketing campaigns seek to gather email addresses as opposed to make sales to customers directly. This allows your company to populate a mailing list of potential customers to send email campaigns to large numbers of prospective clients quickly. Many email management systems include the ability to tag new names in your database with different keywords to target the emails to each prospective customer.

Related: E-marketing vs. Digital Marketing: What's the Difference?

Fliers
Creating fliers to hang in areas with frequent pedestrians can be an inexpensive way to market an event or service. Effective fliers often have appealing graphics to encourage passers-by to stop and read and then a quick, easy-to-understand pitch for the product or service you are advertising. Some flyer designs include tab sections at the bottom with contact information so that interested customers can take one and have a physical reminder of your contact information.

Funnel pages
Funnel pages are a form of online marketing management that companies often use with other advertising campaigns, such as social media or search engine advertisements. Funnel pages move users through a series of steps to make a sale or gather their contact information. A funnel also provides a company with customer tracking data, such as how many respondents make it through each step, and potentially increase information through linking from social media. This helps make it a highly effective way of populating a prospective customer list.

Giveaway boxes
Offering people the chance to win something for free can be an effective way to earn their business. Giveaway boxes may advertise a prize drawing or offer a special discount to anyone who fills out a slip . By writing their name and contact information on a paper and slipping it into the box, a customer enters themselves for the prize or special offer. This allows you to build a contact list of potential customers from those who provide their contact information.

Mailing campaigns
Direct mailing campaigns can be a cost-effective way to present your marketing materials to a broad audience. Often companies take advantage of mailing lists to target specific regions with their campaigns. Your mail or marketing materials can take on a variety of forms, including advertisement cards, brochures or samples of your products.

Newspaper advertisement
The decreasing market share of newspapers can be a benefit for your marketing department, since it may lead to lower prices to place an advertisement. By assessing the readership information of the newspaper, you can determine if it presents an attractive demographic for your advertised product or service. If your sales targets align with the readership of a newspaper, it can provide a higher return on investment.

Promotional items
Purchasing large quantities of inexpensive but useful items with your company's name and logo on them, such as pens, notepads and stress balls, can be an excellent way to keep your company in the mind of prospective clients. A company may use promotional items when attending trade events or making direct sales visits to potential customers. By leaving a physical item with the potential customer, you provide them with a reminder of your company the next time they need your product or service. If they enjoy using it, this may also generate goodwill for your company.

Social media channels
Social media marketing is organic marketing you conduct by posting to your organization's social media. You can also market with paid placements where you pay the platform to provide consumers with your company's content. Social media marketing also benefits from the high levels of detail available from online users, as it can provide you with valuable customer data like demographic info and their consumer preferences.

Related: What Is Social Media Marketing?

Video productions
Video production is an important form of marketing material, though the delivery methods have changed in recent years. While television advertising remains an effective option, your video materials may also serve as social media content or as the basis for the company's video advertising format. Creating hubs for your video content allows you to build dedicated viewers and increase the number of views that each video you post receives.

Websites
A company website provides you with the opportunity to establish your brand and advertise the products or services that you provide. It's also a convenient way to provide contact information for potential customers.

Besides creating a site for your company, you may build individual sites for specific products or services you offer. This can allow you to provide them with a unique focus or even their own branding and identity separate from other elements of your company. In all cases, working to improve your search engine optimization and the usability of your pages can increase the performance of your website as marketing material.

Window displays
If your professional location includes public-facing windows, you may choose to place advertisements or other marketing materials in them. Marketing displays may take on a variety of forms, from direct applications to window glass or physical displays behind the windowpane. A well-composed window display can catch the attention of passers-by and prompt them to come inside to learn more about your company's products and services.

Yard signs
While some government officials use yard signs for political campaigns, businesses can also take advantage of them as marketing material. It's important to keep the information on the sign simple and clear so people driving by receive the intended message. Commonly, yard signs feature a single statement or offer. Some signs may also include a method for viewers to contact you, such as a website or phone number. To increase the time that viewers are likely to see the signs, consider placing them at an intersection with a stop sign or stoplight.

See your instant resume report on Indeed
Get recommendations for your resume in minutes
Tips for making marketing materials
These tips can help you use your marketing materials wisely:

Know your market: Market research allows you to better understand your potential customers and what they are interested in so your marketing materials meet their needs and preferences.
Track your results: Adaptation is an important component of effective marketing management. Monitoring performance data for your different marketing materials can help you identify what works well and where you can make improvements.
Create reasons to care: A primary goal for marketing materials is to create a lasting impression. Offering a deal or advertising exceptional service quality gives the consumer a reason to remember your company as exceptional.
Establish a brand: Maintaining a strong, consistent brand identity for your marketing makes it easier for consumers to know what to expect from your company. This can increase your appeal, as it makes you more reliable.""Analyze the following article on marketing material: ""16 Marketing Material Examples (With Tips)
Updated June 24, 2022

Diversifying the marketing materials you use when advertising your company can help you increase your appeal to potential customers. Marketing materials come in a variety of forms, with each having its own benefits and situations where it's better suited as a method. Gaining familiarity with a broad range of marketing materials allows you to respond to opportunities quickly and effectively. In this article, we discuss what marketing materials are, share some common marketing material examples and provide tips for using your marketing materials.

Related jobs on Indeed
Part-time jobs
Full-time jobs
Remote jobs
Urgently hiring jobs
View more jobs on Indeed
What are marketing materials?
Marketing materials are any products or content designed to market your company or its products and services to potential customers. Marketing materials can range from samples you give to potential customers to keep, permanent installations in high-visibility areas or digital files that customers can access. Modern marketing often benefits from the diversification of marketing materials to meet the diverse needs of a potential customer base.

Related: 12 Marketing Tips for Your Marketing Campaign

Marketing material examples
When working in a marketing position, using an array of marketing materials can help you achieve maximum results with your campaigns. Marketing material types to consider for your next campaign include:

Advertising cards
Advertising cards are postcard-sized flyers commonly printed on cardstock. You may use advertising cards as part of a mailing campaign, to hand out while at events or when customers visit your business. Advertisement cards allow you to feature key benefits of your product or service or to advertise special promotions.

Billboards
Billboard marketing is a traditional form of advertising that can still be highly effective in the right situations. You can increase the benefit of your billboard campaign by placing your ad in a high-traffic area where customers in your demographic might see its creative design. Using a series of billboards noting the distance to your location as drivers approach it can build anticipation, which may make them more likely to visit your business .

Related: 8 Types of Traditional Marketing Methods To Implement

Brochures
Brochures comprise a single sheet of paper, often folded into three sections. By printing on both sides of the brochure, you create up to six areas to fill with information about your product or services. Brochures can be useful event handouts and information packets for visitors. For example, a zoo may use a brochure that includes a map on one side and advertises some of the premium features available to guests on the other.

Business cards
Printing business cards is an excellent way to provide professional contacts with a physical reminder of your business. Although a business card may also carry an advertisement for a special or a service that you offer, business cards typically contain basic contact information to create a clean and professional look. By keeping business cards with you at all times, you can hand convenient marketing material to potential clients or contacts you encounter, even outside of your usual work environment.

Emails
Sending emails is an excellent way to make professional contacts and market your company. Many online marketing campaigns seek to gather email addresses as opposed to make sales to customers directly. This allows your company to populate a mailing list of potential customers to send email campaigns to large numbers of prospective clients quickly. Many email management systems include the ability to tag new names in your database with different keywords to target the emails to each prospective customer.

Related: E-marketing vs. Digital Marketing: What's the Difference?

Fliers
Creating fliers to hang in areas with frequent pedestrians can be an inexpensive way to market an event or service. Effective fliers often have appealing graphics to encourage passers-by to stop and read and then a quick, easy-to-understand pitch for the product or service you are advertising. Some flyer designs include tab sections at the bottom with contact information so that interested customers can take one and have a physical reminder of your contact information.

Funnel pages
Funnel pages are a form of online marketing management that companies often use with other advertising campaigns, such as social media or search engine advertisements. Funnel pages move users through a series of steps to make a sale or gather their contact information. A funnel also provides a company with customer tracking data, such as how many respondents make it through each step, and potentially increase information through linking from social media. This helps make it a highly effective way of populating a prospective customer list.

Giveaway boxes
Offering people the chance to win something for free can be an effective way to earn their business. Giveaway boxes may advertise a prize drawing or offer a special discount to anyone who fills out a slip . By writing their name and contact information on a paper and slipping it into the box, a customer enters themselves for the prize or special offer. This allows you to build a contact list of potential customers from those who provide their contact information.

Mailing campaigns
Direct mailing campaigns can be a cost-effective way to present your marketing materials to a broad audience. Often companies take advantage of mailing lists to target specific regions with their campaigns. Your mail or marketing materials can take on a variety of forms, including advertisement cards, brochures or samples of your products.

Newspaper advertisement
The decreasing market share of newspapers can be a benefit for your marketing department, since it may lead to lower prices to place an advertisement. By assessing the readership information of the newspaper, you can determine if it presents an attractive demographic for your advertised product or service. If your sales targets align with the readership of a newspaper, it can provide a higher return on investment.

Promotional items
Purchasing large quantities of inexpensive but useful items with your company's name and logo on them, such as pens, notepads and stress balls, can be an excellent way to keep your company in the mind of prospective clients. A company may use promotional items when attending trade events or making direct sales visits to potential customers. By leaving a physical item with the potential customer, you provide them with a reminder of your company the next time they need your product or service. If they enjoy using it, this may also generate goodwill for your company.

Social media channels
Social media marketing is organic marketing you conduct by posting to your organization's social media. You can also market with paid placements where you pay the platform to provide consumers with your company's content. Social media marketing also benefits from the high levels of detail available from online users, as it can provide you with valuable customer data like demographic info and their consumer preferences.

Related: What Is Social Media Marketing?

Video productions
Video production is an important form of marketing material, though the delivery methods have changed in recent years. While television advertising remains an effective option, your video materials may also serve as social media content or as the basis for the company's video advertising format. Creating hubs for your video content allows you to build dedicated viewers and increase the number of views that each video you post receives.

Websites
A company website provides you with the opportunity to establish your brand and advertise the products or services that you provide. It's also a convenient way to provide contact information for potential customers.

Besides creating a site for your company, you may build individual sites for specific products or services you offer. This can allow you to provide them with a unique focus or even their own branding and identity separate from other elements of your company. In all cases, working to improve your search engine optimization and the usability of your pages can increase the performance of your website as marketing material.

Window displays
If your professional location includes public-facing windows, you may choose to place advertisements or other marketing materials in them. Marketing displays may take on a variety of forms, from direct applications to window glass or physical displays behind the windowpane. A well-composed window display can catch the attention of passers-by and prompt them to come inside to learn more about your company's products and services.

Yard signs
While some government officials use yard signs for political campaigns, businesses can also take advantage of them as marketing material. It's important to keep the information on the sign simple and clear so people driving by receive the intended message. Commonly, yard signs feature a single statement or offer. Some signs may also include a method for viewers to contact you, such as a website or phone number. To increase the time that viewers are likely to see the signs, consider placing them at an intersection with a stop sign or stoplight.

See your instant resume report on Indeed
Get recommendations for your resume in minutes
Tips for making marketing materials
These tips can help you use your marketing materials wisely:

Know your market: Market research allows you to better understand your potential customers and what they are interested in so your marketing materials meet their needs and preferences.
Track your results: Adaptation is an important component of effective marketing management. Monitoring performance data for your different marketing materials can help you identify what works well and where you can make improvements.
Create reasons to care: A primary goal for marketing materials is to create a lasting impression. Offering a deal or advertising exceptional service quality gives the consumer a reason to remember your company as exceptional.
Establish a brand: Maintaining a strong, consistent brand identity for your marketing makes it easier for consumers to know what to expect from your company. This can increase your appeal, as it makes you more reliable.""",4140
37,"Analyze the following marketing pitch: ""Title:  Revolutionize Your Digital Education Business with CourseGeniusAI - The Ultimate AI-Powered Website Creation SaaS for Online Courses

Introduction:

Welcome to CourseGeniusAI, the future of online education and website creation! In the fast-paced digital world, standing out with a unique and compelling online course has never been more crucial. CourseGeniusAI is a state-of-the-art Software as a Service (SaaS) platform that empowers educators, entrepreneurs, and businesses to create comprehensive, AI-generated online courses hosted on fully automated, personalized websites. Our service is designed to revolutionize the way you create, market, and deliver online education.

The Challenge:

In the current digital landscape, creating an engaging online course is only half the battle. The real challenge lies in effectively marketing your course, attracting the right audience, and providing an exceptional learning experience. Traditional methods of course creation and website design are time-consuming, require specialized skills, and often result in generic, uninspiring content.

Our Solution: CourseGeniusAI – Unleash the Power of AI in Education:

CourseGeniusAI is here to transform your approach to online education. Our platform uses advanced AI algorithms to generate unique, tailored course content and builds a dynamic website specifically designed to market and sell your course. Here’s how we make the magic happen:

AI-Driven Course Content Creation:

Our AI analyzes current market trends, subject matter relevance, and user engagement metrics to produce compelling course material.
From detailed course outlines to interactive lessons, our AI crafts content that resonates with your target audience.
Automated Website Development:

CourseGeniusAI doesn’t just create course content; it builds the entire ecosystem for your course. Our AI designs a fully functional, aesthetically pleasing website tailored to your course theme and audience.
Enjoy features like intuitive navigation, mobile responsiveness, and fast load times, all optimized for user experience.
Personalized Branding and Design:

Your course website will stand out with unique branding, customized themes, and professional layouts, all aligned with your brand identity.
Our AI suggests design elements based on your preferences and the latest web design trends.
Integrated Marketing Tools:

Leverage built-in SEO optimization, social media integration, and email marketing campaigns, all driven by AI to ensure maximum reach and conversion.
Use our analytics dashboard to track visitor behavior, course sign-ups, and engagement metrics.
E-commerce and Payment Integration:

Our platform includes secure e-commerce functionality, allowing for seamless course transactions.
Support for multiple payment gateways and currencies makes it easy for your students to enroll from anywhere in the world.
Continuous Learning and Adaptation:

CourseGeniusAI is always learning. It adapts to feedback, user interactions, and market trends to continuously improve your course and website.
Why Choose CourseGeniusAI?

Efficiency and Speed: Cut down the time it takes to go from concept to launch. Our AI accelerates the process, allowing you to focus on your expertise while we handle the technicalities.
Quality and Uniqueness: Benefit from high-quality, unique course content and web design that reflects your vision and expertise.
Scalability: Whether you’re a solo educator or a large enterprise, CourseGeniusAI scales to meet your needs, supporting multiple courses and complex structures.
Cost-Effective: Reduce the costs associated with course development, website design, and marketing. Our all-in-one solution is priced competitively, offering excellent value for money.
User-Centric Design: We prioritize the learner’s experience, ensuring that the courses and website are engaging, interactive, and accessible.
Expert Support: Our team of experts is always on hand to provide support, advice, and customization options to meet your specific requirements.
Join the Education Revolution with CourseGeniusAI

Transform your online education business with CourseGeniusAI. Embrace the power of AI to create stunning, effective online courses and websites that captivate and educate. With CourseGeniusAI, you’re not just building a course; you’re shaping the future of digital education.

Sign up today and be a part of the AI-driven educational transformation!

Conclusion:

In summary, CourseGeniusAI is more than just a software; it's a revolutionary tool that empowers you to create, market, and deliver online courses like never before. Break free from the constraints of traditional course creation and join the ranks of educators who are paving the way for a smarter, more connected, and educated world.""Analyze the following marketing pitch: ""Title:  Revolutionize Your Digital Education Business with CourseGeniusAI - The Ultimate AI-Powered Website Creation SaaS for Online Courses

Introduction:

Welcome to CourseGeniusAI, the future of online education and website creation! In the fast-paced digital world, standing out with a unique and compelling online course has never been more crucial. CourseGeniusAI is a state-of-the-art Software as a Service (SaaS) platform that empowers educators, entrepreneurs, and businesses to create comprehensive, AI-generated online courses hosted on fully automated, personalized websites. Our service is designed to revolutionize the way you create, market, and deliver online education.

The Challenge:

In the current digital landscape, creating an engaging online course is only half the battle. The real challenge lies in effectively marketing your course, attracting the right audience, and providing an exceptional learning experience. Traditional methods of course creation and website design are time-consuming, require specialized skills, and often result in generic, uninspiring content.

Our Solution: CourseGeniusAI – Unleash the Power of AI in Education:

CourseGeniusAI is here to transform your approach to online education. Our platform uses advanced AI algorithms to generate unique, tailored course content and builds a dynamic website specifically designed to market and sell your course. Here’s how we make the magic happen:

AI-Driven Course Content Creation:

Our AI analyzes current market trends, subject matter relevance, and user engagement metrics to produce compelling course material.
From detailed course outlines to interactive lessons, our AI crafts content that resonates with your target audience.
Automated Website Development:

CourseGeniusAI doesn’t just create course content; it builds the entire ecosystem for your course. Our AI designs a fully functional, aesthetically pleasing website tailored to your course theme and audience.
Enjoy features like intuitive navigation, mobile responsiveness, and fast load times, all optimized for user experience.
Personalized Branding and Design:

Your course website will stand out with unique branding, customized themes, and professional layouts, all aligned with your brand identity.
Our AI suggests design elements based on your preferences and the latest web design trends.
Integrated Marketing Tools:

Leverage built-in SEO optimization, social media integration, and email marketing campaigns, all driven by AI to ensure maximum reach and conversion.
Use our analytics dashboard to track visitor behavior, course sign-ups, and engagement metrics.
E-commerce and Payment Integration:

Our platform includes secure e-commerce functionality, allowing for seamless course transactions.
Support for multiple payment gateways and currencies makes it easy for your students to enroll from anywhere in the world.
Continuous Learning and Adaptation:

CourseGeniusAI is always learning. It adapts to feedback, user interactions, and market trends to continuously improve your course and website.
Why Choose CourseGeniusAI?

Efficiency and Speed: Cut down the time it takes to go from concept to launch. Our AI accelerates the process, allowing you to focus on your expertise while we handle the technicalities.
Quality and Uniqueness: Benefit from high-quality, unique course content and web design that reflects your vision and expertise.
Scalability: Whether you’re a solo educator or a large enterprise, CourseGeniusAI scales to meet your needs, supporting multiple courses and complex structures.
Cost-Effective: Reduce the costs associated with course development, website design, and marketing. Our all-in-one solution is priced competitively, offering excellent value for money.
User-Centric Design: We prioritize the learner’s experience, ensuring that the courses and website are engaging, interactive, and accessible.
Expert Support: Our team of experts is always on hand to provide support, advice, and customization options to meet your specific requirements.
Join the Education Revolution with CourseGeniusAI

Transform your online education business with CourseGeniusAI. Embrace the power of AI to create stunning, effective online courses and websites that captivate and educate. With CourseGeniusAI, you’re not just building a course; you’re shaping the future of digital education.

Sign up today and be a part of the AI-driven educational transformation!

Conclusion:

In summary, CourseGeniusAI is more than just a software; it's a revolutionary tool that empowers you to create, market, and deliver online courses like never before. Break free from the constraints of traditional course creation and join the ranks of educators who are paving the way for a smarter, more connected, and educated world.""Analyze the following marketing pitch: ""Title:  Revolutionize Your Digital Education Business with CourseGeniusAI - The Ultimate AI-Powered Website Creation SaaS for Online Courses

Introduction:

Welcome to CourseGeniusAI, the future of online education and website creation! In the fast-paced digital world, standing out with a unique and compelling online course has never been more crucial. CourseGeniusAI is a state-of-the-art Software as a Service (SaaS) platform that empowers educators, entrepreneurs, and businesses to create comprehensive, AI-generated online courses hosted on fully automated, personalized websites. Our service is designed to revolutionize the way you create, market, and deliver online education.

The Challenge:

In the current digital landscape, creating an engaging online course is only half the battle. The real challenge lies in effectively marketing your course, attracting the right audience, and providing an exceptional learning experience. Traditional methods of course creation and website design are time-consuming, require specialized skills, and often result in generic, uninspiring content.

Our Solution: CourseGeniusAI – Unleash the Power of AI in Education:

CourseGeniusAI is here to transform your approach to online education. Our platform uses advanced AI algorithms to generate unique, tailored course content and builds a dynamic website specifically designed to market and sell your course. Here’s how we make the magic happen:

AI-Driven Course Content Creation:

Our AI analyzes current market trends, subject matter relevance, and user engagement metrics to produce compelling course material.
From detailed course outlines to interactive lessons, our AI crafts content that resonates with your target audience.
Automated Website Development:

CourseGeniusAI doesn’t just create course content; it builds the entire ecosystem for your course. Our AI designs a fully functional, aesthetically pleasing website tailored to your course theme and audience.
Enjoy features like intuitive navigation, mobile responsiveness, and fast load times, all optimized for user experience.
Personalized Branding and Design:

Your course website will stand out with unique branding, customized themes, and professional layouts, all aligned with your brand identity.
Our AI suggests design elements based on your preferences and the latest web design trends.
Integrated Marketing Tools:

Leverage built-in SEO optimization, social media integration, and email marketing campaigns, all driven by AI to ensure maximum reach and conversion.
Use our analytics dashboard to track visitor behavior, course sign-ups, and engagement metrics.
E-commerce and Payment Integration:

Our platform includes secure e-commerce functionality, allowing for seamless course transactions.
Support for multiple payment gateways and currencies makes it easy for your students to enroll from anywhere in the world.
Continuous Learning and Adaptation:

CourseGeniusAI is always learning. It adapts to feedback, user interactions, and market trends to continuously improve your course and website.
Why Choose CourseGeniusAI?

Efficiency and Speed: Cut down the time it takes to go from concept to launch. Our AI accelerates the process, allowing you to focus on your expertise while we handle the technicalities.
Quality and Uniqueness: Benefit from high-quality, unique course content and web design that reflects your vision and expertise.
Scalability: Whether you’re a solo educator or a large enterprise, CourseGeniusAI scales to meet your needs, supporting multiple courses and complex structures.
Cost-Effective: Reduce the costs associated with course development, website design, and marketing. Our all-in-one solution is priced competitively, offering excellent value for money.
User-Centric Design: We prioritize the learner’s experience, ensuring that the courses and website are engaging, interactive, and accessible.
Expert Support: Our team of experts is always on hand to provide support, advice, and customization options to meet your specific requirements.
Join the Education Revolution with CourseGeniusAI

Transform your online education business with CourseGeniusAI. Embrace the power of AI to create stunning, effective online courses and websites that captivate and educate. With CourseGeniusAI, you’re not just building a course; you’re shaping the future of digital education.

Sign up today and be a part of the AI-driven educational transformation!

Conclusion:

In summary, CourseGeniusAI is more than just a software; it's a revolutionary tool that empowers you to create, market, and deliver online courses like never before. Break free from the constraints of traditional course creation and join the ranks of educators who are paving the way for a smarter, more connected, and educated world.""Analyze the following marketing pitch: ""Title:  Revolutionize Your Digital Education Business with CourseGeniusAI - The Ultimate AI-Powered Website Creation SaaS for Online Courses

Introduction:

Welcome to CourseGeniusAI, the future of online education and website creation! In the fast-paced digital world, standing out with a unique and compelling online course has never been more crucial. CourseGeniusAI is a state-of-the-art Software as a Service (SaaS) platform that empowers educators, entrepreneurs, and businesses to create comprehensive, AI-generated online courses hosted on fully automated, personalized websites. Our service is designed to revolutionize the way you create, market, and deliver online education.

The Challenge:

In the current digital landscape, creating an engaging online course is only half the battle. The real challenge lies in effectively marketing your course, attracting the right audience, and providing an exceptional learning experience. Traditional methods of course creation and website design are time-consuming, require specialized skills, and often result in generic, uninspiring content.

Our Solution: CourseGeniusAI – Unleash the Power of AI in Education:

CourseGeniusAI is here to transform your approach to online education. Our platform uses advanced AI algorithms to generate unique, tailored course content and builds a dynamic website specifically designed to market and sell your course. Here’s how we make the magic happen:

AI-Driven Course Content Creation:

Our AI analyzes current market trends, subject matter relevance, and user engagement metrics to produce compelling course material.
From detailed course outlines to interactive lessons, our AI crafts content that resonates with your target audience.
Automated Website Development:

CourseGeniusAI doesn’t just create course content; it builds the entire ecosystem for your course. Our AI designs a fully functional, aesthetically pleasing website tailored to your course theme and audience.
Enjoy features like intuitive navigation, mobile responsiveness, and fast load times, all optimized for user experience.
Personalized Branding and Design:

Your course website will stand out with unique branding, customized themes, and professional layouts, all aligned with your brand identity.
Our AI suggests design elements based on your preferences and the latest web design trends.
Integrated Marketing Tools:

Leverage built-in SEO optimization, social media integration, and email marketing campaigns, all driven by AI to ensure maximum reach and conversion.
Use our analytics dashboard to track visitor behavior, course sign-ups, and engagement metrics.
E-commerce and Payment Integration:

Our platform includes secure e-commerce functionality, allowing for seamless course transactions.
Support for multiple payment gateways and currencies makes it easy for your students to enroll from anywhere in the world.
Continuous Learning and Adaptation:

CourseGeniusAI is always learning. It adapts to feedback, user interactions, and market trends to continuously improve your course and website.
Why Choose CourseGeniusAI?

Efficiency and Speed: Cut down the time it takes to go from concept to launch. Our AI accelerates the process, allowing you to focus on your expertise while we handle the technicalities.
Quality and Uniqueness: Benefit from high-quality, unique course content and web design that reflects your vision and expertise.
Scalability: Whether you’re a solo educator or a large enterprise, CourseGeniusAI scales to meet your needs, supporting multiple courses and complex structures.
Cost-Effective: Reduce the costs associated with course development, website design, and marketing. Our all-in-one solution is priced competitively, offering excellent value for money.
User-Centric Design: We prioritize the learner’s experience, ensuring that the courses and website are engaging, interactive, and accessible.
Expert Support: Our team of experts is always on hand to provide support, advice, and customization options to meet your specific requirements.
Join the Education Revolution with CourseGeniusAI

Transform your online education business with CourseGeniusAI. Embrace the power of AI to create stunning, effective online courses and websites that captivate and educate. With CourseGeniusAI, you’re not just building a course; you’re shaping the future of digital education.

Sign up today and be a part of the AI-driven educational transformation!

Conclusion:

In summary, CourseGeniusAI is more than just a software; it's a revolutionary tool that empowers you to create, market, and deliver online courses like never before. Break free from the constraints of traditional course creation and join the ranks of educators who are paving the way for a smarter, more connected, and educated world.""Analyze the following marketing pitch: ""Title:  Revolutionize Your Digital Education Business with CourseGeniusAI - The Ultimate AI-Powered Website Creation SaaS for Online Courses

Introduction:

Welcome to CourseGeniusAI, the future of online education and website creation! In the fast-paced digital world, standing out with a unique and compelling online course has never been more crucial. CourseGeniusAI is a state-of-the-art Software as a Service (SaaS) platform that empowers educators, entrepreneurs, and businesses to create comprehensive, AI-generated online courses hosted on fully automated, personalized websites. Our service is designed to revolutionize the way you create, market, and deliver online education.

The Challenge:

In the current digital landscape, creating an engaging online course is only half the battle. The real challenge lies in effectively marketing your course, attracting the right audience, and providing an exceptional learning experience. Traditional methods of course creation and website design are time-consuming, require specialized skills, and often result in generic, uninspiring content.

Our Solution: CourseGeniusAI – Unleash the Power of AI in Education:

CourseGeniusAI is here to transform your approach to online education. Our platform uses advanced AI algorithms to generate unique, tailored course content and builds a dynamic website specifically designed to market and sell your course. Here’s how we make the magic happen:

AI-Driven Course Content Creation:

Our AI analyzes current market trends, subject matter relevance, and user engagement metrics to produce compelling course material.
From detailed course outlines to interactive lessons, our AI crafts content that resonates with your target audience.
Automated Website Development:

CourseGeniusAI doesn’t just create course content; it builds the entire ecosystem for your course. Our AI designs a fully functional, aesthetically pleasing website tailored to your course theme and audience.
Enjoy features like intuitive navigation, mobile responsiveness, and fast load times, all optimized for user experience.
Personalized Branding and Design:

Your course website will stand out with unique branding, customized themes, and professional layouts, all aligned with your brand identity.
Our AI suggests design elements based on your preferences and the latest web design trends.
Integrated Marketing Tools:

Leverage built-in SEO optimization, social media integration, and email marketing campaigns, all driven by AI to ensure maximum reach and conversion.
Use our analytics dashboard to track visitor behavior, course sign-ups, and engagement metrics.
E-commerce and Payment Integration:

Our platform includes secure e-commerce functionality, allowing for seamless course transactions.
Support for multiple payment gateways and currencies makes it easy for your students to enroll from anywhere in the world.
Continuous Learning and Adaptation:

CourseGeniusAI is always learning. It adapts to feedback, user interactions, and market trends to continuously improve your course and website.
Why Choose CourseGeniusAI?

Efficiency and Speed: Cut down the time it takes to go from concept to launch. Our AI accelerates the process, allowing you to focus on your expertise while we handle the technicalities.
Quality and Uniqueness: Benefit from high-quality, unique course content and web design that reflects your vision and expertise.
Scalability: Whether you’re a solo educator or a large enterprise, CourseGeniusAI scales to meet your needs, supporting multiple courses and complex structures.
Cost-Effective: Reduce the costs associated with course development, website design, and marketing. Our all-in-one solution is priced competitively, offering excellent value for money.
User-Centric Design: We prioritize the learner’s experience, ensuring that the courses and website are engaging, interactive, and accessible.
Expert Support: Our team of experts is always on hand to provide support, advice, and customization options to meet your specific requirements.
Join the Education Revolution with CourseGeniusAI

Transform your online education business with CourseGeniusAI. Embrace the power of AI to create stunning, effective online courses and websites that captivate and educate. With CourseGeniusAI, you’re not just building a course; you’re shaping the future of digital education.

Sign up today and be a part of the AI-driven educational transformation!

Conclusion:

In summary, CourseGeniusAI is more than just a software; it's a revolutionary tool that empowers you to create, market, and deliver online courses like never before. Break free from the constraints of traditional course creation and join the ranks of educators who are paving the way for a smarter, more connected, and educated world.""",5177
